date,France,Australia,Germany,Japan,Switzerland,Britain,USA
04-2002,-0.010538074402538955,0.012587393886620557,-0.011617355534036755,0.05609389111136709,0.03682016011976019,-0.0018058611693845261,-0.0496
05-2002,0.013428325686344111,0.03325610901124221,0.015840342194640478,0.06190576177841334,0.03487740431577402,0.004701650611174113,-0.01051
06-2002,-0.044849813860680654,-0.051421427114446305,-0.03225147043764309,-0.041865967944986315,-0.03919674508050364,-0.03750765477360496,-0.070259
07-2002,-0.1179565778816748,-0.059533418733258014,-0.1227063287950163,-0.06638012526707948,-0.14709076600299242,-0.10105338787933182,-0.081125
08-2002,-0.0020766394785649567,0.025970069563622022,-0.00034755408150621836,-0.04121331187431432,0.007842454424460188,0.015599142280778633,0.007949
09-2002,-0.1480850880655289,-0.033042018364472514,-0.2044195403388297,-0.04355327360905181,-0.08952440042089427,-0.11373533351166087,-0.099923
10-2002,0.13321270171858668,0.032544960457485894,0.12633453002826123,-0.04343138506365096,0.0496457697420456,0.08389148284320247,0.07494
11-2002,0.0651027060635232,-0.0035722390147845395,0.04623858257222202,0.03149347185665907,0.05741375521217229,0.042027546580238884,0.061282
12-2002,-0.02525911740604947,0.026148198317262672,-0.05811495068149575,-0.02867469505223008,-0.044472430060166324,-0.03231982964202351,-0.053334
01-2003,-0.026153717881296723,0.007503601889035982,-0.018534939828109276,-0.03007867550997423,-0.03874117181690839,-0.0939053559673585,-0.023367
02-2003,-0.051315090069185665,-0.04373225147940907,-0.05198543748711404,0.0025191063363856347,-0.05361252397610572,0.011202462256526768,-0.015417
03-2003,-0.038018336676569175,0.05469192753878693,-0.03126101500496148,-0.04060087947977309,-0.02068105667665643,-0.009890761215090027,0.010321
04-2003,0.18449131694451104,0.10896515275778107,0.2426661556804628,0.03705223431176785,0.17819988586200974,0.12457225166281871,0.082768
05-2003,0.04294644981028539,0.03367158654348423,0.033218056171971044,0.04102658395726766,0.0023841875436136917,0.06775070908277425,0.063471
06-2003,0.0067227080824279195,0.011508813071128055,0.039037499356709304,0.07420528460328857,0.004209870936530358,-0.02011521176584452,0.016346
07-2003,0.017362568407488288,0.021560516154274234,0.041659362396041955,0.04107102385093908,0.033044215838262225,0.018069606698731366,0.023112
08-2003,0.044448632152443546,0.046804602856916455,0.02038226958744982,0.10024669166961675,0.026192232142007166,0.026933819605852616,0.024965
09-2003,-0.0017036466758781899,0.055162933862337615,-0.0071747907490594676,0.07505746128478319,0.02361939561711135,0.025717551806993644,-0.00912
10-2003,0.06651982444397841,0.06630972338058605,0.09650045403799123,0.029210791688238924,0.03448561358516189,0.053292239871513436,0.060361
11-2003,0.0642603436407867,0.016453659892354144,0.06725472425976275,-0.02626288623261075,0.0721569364536554,0.05139833153801243,0.016594
12-2003,0.06152060203066401,0.08164001941293764,0.06306992399819178,0.05698182947931074,0.04731144321579417,0.07229390262317859,0.045476
01-2004,0.029047553797865167,-3.47537345316562e-05,0.03716048481368217,0.0013677633607371842,0.04410508875844088,0.012107990701889504,0.023042
02-2004,-0.00410085971335572,-0.00684379777395705,-0.032427186940929054,0.014759066110802799,-0.010698599156822808,0.005330633836611698,0.015443
03-2004,-0.04078925250282406,0.01554061010035701,-0.05222830778261933,0.10643830423055634,-0.038771482380697164,-0.02509447728127001,-0.010662
04-2004,0.01012144879108412,-0.062476168853930925,0.029065929263404566,-0.013666742257086417,0.04067960884220723,0.014705449862880027,-0.024222
05-2004,0.022427275389419687,-0.0031330654703584093,-0.001059319116415991,-0.015400206225909874,0.00431175915294868,0.01011244586180804,0.014068
06-2004,0.036081627919210435,0.06503864044989927,0.038755264458786964,0.04629746359897813,0.011177022763088296,0.0224048565475905,0.021611
07-2004,-0.024664051263989073,0.001372712591215075,-0.03641875237291248,-0.05138191137015924,-0.0331938436439404,-0.027310015179949465,-0.037698
08-2004,-0.006022196646826572,0.008666450432781359,-0.023039136299950802,-0.007742329692395078,-0.017259977793311454,0.0008716922621716527,0.002703
09-2004,0.03756333267091905,0.08181772596603332,0.047631194861174286,-0.011563118219344859,0.03192071815399644,0.03375102307627453,0.020556
10-2004,0.056856432198631346,0.08919724006499319,0.05252400944633351,0.02246460824919505,0.03961302609508266,0.043642443748480364,0.017806
11-2004,0.04751280444252792,0.04230258734299608,0.07351953412143586,0.021547607607389052,0.04132045867487055,0.05921047133554014,0.048214
12-2004,0.0012450650982211986,0.02544115710910444,0.005599758291971346,0.05259837124012057,0.010108362463366882,0.0027617354351112677,0.03517
01-2005,0.022078817569623377,0.03881808823525046,0.000825605603209878,-0.016495512722873862,0.013264071492616658,0.016082197520939312,-0.026546
02-2005,0.047892258926636844,0.027683858931011995,0.03890699738786485,0.022579396872079993,0.049253218351192674,0.033873620112649716,0.022646
03-2005,-0.010301806096581267,-0.022820573058461413,-0.02136598809322099,-0.0074426868409736,-0.019802697728403484,-0.012459403649991319,-0.016944
04-2005,-0.04612738615296219,-0.0421491590364419,-0.04866075882730014,-0.0364041712405182,-0.03125646347872579,-0.0404168860952987,-0.025206
05-2005,0.01632412920009263,0.027630691614199065,0.011474952003476036,-0.00834936164179556,-0.002030056100845279,0.015807575652057704,0.037954
06-2005,0.02244647656899179,0.02581097862805981,0.020079521026001856,0.0006987178231467883,-0.0005686148513589506,-0.006152071944388937,0.011529
07-2005,0.0731003583685843,0.01670363086520177,0.08491902948310193,0.028731751964421237,0.08036512647995431,0.05972314183441685,0.043358
08-2005,-0.020391749017636296,0.023151285194536575,-0.013284329407830753,0.04702706040179483,-0.012431965809003187,0.015252526610562311,-0.005958
09-2005,0.024134918187306953,0.03409389469504531,0.017393007213635903,0.08699486297865122,0.043694065834315676,0.007605322808452941,0.0106
10-2005,-0.05688979492031787,-0.05865657982475081,-0.04314151360145113,-0.006837326428301038,-0.012881072895847168,-0.04055158891436261,-0.020866
11-2005,0.037562041535441404,0.04783520920371398,0.04730469533776627,0.06282007708742832,0.054051696524249015,0.03638769850936785,0.040326
12-2005,0.055727393103254697,0.03906766051571586,0.06047092585989944,0.10652268743780624,0.051551201998333296,0.055081425897894665,0.003458
01-2006,0.02996418837666659,0.024065121471049666,0.03967032064904874,0.011787648369058212,0.01228618884734023,0.00868243359993226,0.040072
02-2006,0.021031396669933367,-0.01132128884550998,0.04017203515863543,-0.028317779244570906,0.021855884060819397,0.019252900087088465,-0.001639
03-2006,0.06341331918356419,0.057858860244096144,0.05246431743092872,0.049212714019780224,0.04464138701117526,0.049365168023755235,0.019065
04-2006,0.04212086782987634,0.06525226097553061,0.0485640212969336,0.03781046388445719,0.07144610628619907,0.06546412002291935,0.013
05-2006,-0.046842578729985984,-0.07376828189993312,-0.05744306651835529,-0.1022051862034622,-0.06561020666935036,-0.05951464306479737,-0.031032
06-2006,0.013293328745162647,0.035802211204975176,-0.004470321362762375,-0.007516655025506136,-0.007643373821517696,0.020470989074954593,-0.000391
07-2006,0.02003396595283924,0.001247394435814897,0.013510843613598666,-0.016623955231636622,0.03446258949051595,0.040709858768938956,-0.001912
08-2006,0.025143709058805808,0.022122329744346247,0.020373501647585446,0.029779848101005424,0.018036870323084875,0.0020306951028961073,0.025042
09-2006,0.00841009442016838,0.012698023063588249,0.023028278272659852,-0.021198321465613623,0.030706235557396155,0.013717129169002806,0.019425
10-2006,0.0434131976794363,0.07101023941072415,0.058109300466165914,0.016990993916401465,0.043490639335784564,0.04836738303885513,0.037153
11-2006,0.030525125785809237,0.04177094277765736,0.030260492929927274,-0.008713107720850655,0.01746126431283046,0.024261497307039415,0.023737
12-2006,0.027909265801824512,0.033748243661225974,0.030855822411145706,0.020609061732638212,0.018800646402378662,0.0317664679895211,0.010857
01-2007,0.017635741572094688,0.019700467996179416,0.04106957499435926,0.02380782287866401,0.044919585781198146,-0.001580298816847292,0.019387
02-2007,0.0022167978717857473,0.03056390275613019,0.005753679558150537,0.0442369449522535,-0.0162978893520771,-0.007538607219680915,-0.014006
03-2007,0.052699270745850235,0.07920442864036925,0.05432504859032017,-0.029107993423691192,0.03774026308696321,0.05369821571374378,0.012954
04-2007,0.0472478546350541,0.028043773375988845,0.054097184865100845,-0.02471564871375298,0.0521519688332599,0.021458220796848337,0.039834
05-2007,0.035733496743479476,0.05007495002530815,0.04367701934179369,0.011731461566139467,0.0027910185144435218,0.02698202590981813,0.038953
06-2007,0.02801930068045899,0.030924181081985358,0.029470911879442285,0.021202764826299125,-0.0015486709913890007,0.01275257209448144,-0.014747
07-2007,-0.053145240469070876,-0.061240863337216345,-0.04533068576071375,-0.0014963879603198116,-0.03130810739538592,-0.04648966963275625,-0.03179
08-2007,0.0027205723728538356,0.03361211486825977,0.0170285087633697,-0.04089322673653195,0.008167123241932694,0.001869277156812954,0.011593
09-2007,0.026404627336530595,0.12099754617634728,0.04440205140029874,0.00240932673892158,0.014158130972213856,0.026737167171530407,0.040822
10-2007,0.06054327664070103,0.029032815111084354,0.05842791168081751,0.051475702738303486,0.06758914448429865,0.05652567574445744,0.02591
11-2007,-0.036486344927968206,-0.06205401952129452,-0.031946159358392956,-0.06605751815414451,-0.053148108661209115,-0.06773515629828353,-0.049362
12-2007,0.00037452132459536713,-0.009312730416735415,0.025734841776699158,0.008623795385289013,0.010548696546200054,-0.022996373689202043,-0.004405
01-2008,-0.13472387780750494,-0.08241695873161803,-0.12413391249616057,-0.08596581838256545,-0.09839925297725949,-0.09084656507805522,-0.062218
02-2008,0.03171042743916552,0.006989966586347984,0.04823345882130892,0.04762203121685693,0.06208619096528456,0.02520111264850078,-0.021697
03-2008,-0.004143033393285034,-0.03141532912172351,-0.01153381664549602,-0.08870258178750423,-0.03671948501348343,-0.026348979629144176,-0.010444
04-2008,0.055986664836847666,0.06897121102062509,0.03968084601396149,0.08872786661026622,0.036814727224395716,0.044153506992828495,0.051199
05-2008,0.022578277500394428,0.02887893202419134,0.02267501218119472,0.012933686117647891,0.019150971680865325,-0.003946986817679132,0.023935
06-2008,-0.10032169199615282,-0.06585738205218827,-0.07023947833713406,-0.05972330222330546,-0.08076153738660397,-0.06254820647771808,-0.078436
07-2008,-0.07015166911834592,-0.1310240457432169,-0.058102421919709824,-0.035775878521666304,-0.041034523252225785,-0.08412721820653479,-0.013413
08-2008,-0.0159232085164569,-0.03436861027300275,-0.04469631374740568,-0.008895050463887944,-0.0004585824375473724,0.0015996669163862443,0.010597
09-2008,-0.16185337700136282,-0.23905205147529607,-0.15476873961767168,-0.06817878060289628,-0.11435657583700787,-0.17728942514878876,-0.098172
10-2008,-0.16329809171750642,-0.1769605831483414,-0.26291689836639076,-0.1736943375078951,-0.14704053682360807,-0.19639872385121415,-0.184833
11-2008,0.004036813307944698,-0.04453786026919648,0.01058402149533344,0.031347025985445365,-0.012597739759393822,-0.054091910054486214,-0.084681
12-2008,-0.027807523306859983,0.009116359564964371,0.019703264377537888,0.044607774874468875,-0.028464582822759654,0.007727462841173205,0.022232
01-2009,-0.0977844908273926,-0.0855158768937021,-0.12276196895373948,-0.10523586910123928,-0.07691581313133489,-0.060391627512282664,-0.077471
02-2009,-0.07564598036382764,-0.025288206400318147,-0.08091831834863061,-0.09233970264667479,-0.08763859114421424,-0.07885134833206664,-0.100166
03-2009,0.0459494078410112,0.15827446338485274,0.05219499747875145,0.017587037059849875,0.029317175259408135,0.05733550926683262,0.086803
04-2009,0.17320847625870872,0.13354362389471652,0.1954541215020027,0.10178744515721161,0.15717396531063232,0.14674118169756434,0.109466
05-2009,0.07602877966195276,0.06819574350437985,0.06907587500856693,0.07139524503324601,0.057912950716785705,0.10613474182051785,0.067787
06-2009,-0.023126576178098435,0.04453191804612211,-0.016727196927559418,0.06446535072051618,0.010996958793080491,-0.02501832803516002,-0.003019
07-2009,0.09242148262153127,0.11689231463768857,0.09859211362320819,0.018079847330533694,0.09427426210328926,0.0972614306564561,0.081779
08-2009,0.09963871693550419,0.1034473523715056,0.020392260872870605,0.056782216730091095,0.0786846134715029,0.06718907963139187,0.03151
09-2009,0.06755181742036842,0.11755155377028226,0.050890582283950714,-0.03412898454705493,0.046094773573216896,0.03468325284217988,0.045281
10-2009,-0.032116094166078524,-0.007232759884872042,-0.032851420664842035,-0.007121881654362117,-0.0019022991714977566,0.003807207629652254,-0.028072
11-2009,-0.01137991822061013,-0.0030967168809391543,0.00794139725600429,-0.0682028025707272,-0.018402287933156347,-0.0019571539868866727,0.057075
12-2009,0.03308495202473294,0.047542243606382595,0.025815343896024467,0.06690763996143967,0.03502057610279197,0.03744861588025317,0.028475
01-2010,-0.0724663571508457,-0.08251660789503923,-0.08052058047218613,0.003683015007847734,-0.045491714975893216,-0.06285358630546345,-0.037172
02-2010,-0.018153162893996155,0.047619606568191086,-0.013372039152162896,-0.013418331862002253,0.039041759549609534,-0.0040332514255198015,0.034744
03-2010,0.05677012543119497,0.07108110623930908,0.07405085059501126,0.06875454233443179,0.04471833024635852,0.08374656538930325,0.063668
04-2010,-0.08326649555906862,-0.07034800795583673,-0.0601637017946578,0.025850202169886982,-0.0716127583017303,-0.05256438884134873,0.020036
05-2010,-0.07846839149200224,-0.09642206706739376,-0.05489265032931456,-0.09328764210836193,-0.035447951158649516,-0.058816386215624794,-0.07924
06-2010,0.03262364874465806,0.0009279987379902099,0.05278703115565975,-0.0003360491909247809,0.046915782423162744,-0.007727569577022364,-0.05078
07-2010,0.06265619708490977,0.06791571038880284,0.03805213987875811,0.032909318587582836,0.04198526895237231,0.09751142969822779,0.07036
08-2010,-0.018121972016904686,0.03481355245513851,-0.014129164795767868,-0.03976135156172478,0.030331097012405106,-0.006748224920792412,-0.042863
09-2010,0.13039824681708256,0.09658775261315133,0.11986890464668498,0.071630648378042,0.0631345042497291,0.08010430285634773,0.091628
10-2010,0.018116139619728466,0.027287963817915983,0.03603340236222374,-0.03321520655972077,0.006210914387314137,0.02515661069548769,0.038591
11-2010,-0.07746184376072562,-0.002761317029077892,-0.025564578293975182,0.05072951884765953,-0.0006959550853502527,-0.04819478061665938,0.005117
12-2010,0.061601159953107,0.042188921394153533,0.053564540874630806,0.05327628875085422,0.04047879283828437,0.08022761158043545,0.067182
01-2011,0.06048586752070895,0.014824662843176961,0.03879288142137627,0.014935630053008131,0.0075892983871113096,0.01798905262519246,0.019183
02-2011,0.053557930048575564,0.025359970498274542,0.04937258439802594,0.055777607470269164,0.06199153917351352,0.02610200814306185,0.038156
03-2011,0.004607028800843738,0.053865716997497204,0.012801656381920878,-0.08866993545782786,0.0005913628917848524,-0.0005164204730417898,0.003341
04-2011,0.024311029975421894,0.0024082536532110677,0.0429719959585535,0.008934816643037191,0.06241826478016588,0.02733041411211934,0.028597
05-2011,0.008886810952686952,-0.026172853973372767,-0.013919942821097098,-0.0035535125877091955,0.03600889915639427,-0.010615005936097766,-0.014948
06-2011,-0.011276684191854125,-0.008246068813753338,-0.00048197104760983045,0.028118345107006837,-0.034795840766922104,-0.009798756546838816,-0.018447
07-2011,-0.054580339522388166,-0.05764230510107804,-0.028311833877553205,0.02079648880751961,-0.025632986806225833,-0.009485242567026542,-0.022534
08-2011,-0.13657323789978648,-0.04601916032864639,-0.19829858476321427,-0.07451527270300062,-0.1579804333085798,-0.10572458876975721,-0.057564
09-2011,-0.08243504180283379,-0.06724124740663795,-0.058112650440043434,0.0025849052682835882,-0.033131785379200474,-0.04395832542189515,-0.084983
10-2011,0.06008444079049169,0.06524215298108671,0.08637013942732219,-0.010230492496371535,0.030128341338542475,0.07549455761823265,0.114146
11-2011,-0.06416595690053417,-0.03237935667874936,-0.04055305462374015,-0.04837106769948374,-0.046410605592606236,-0.021387659590909824,-0.00627
12-2011,-0.02199991315830374,0.012839071982670314,-0.04332663895624378,0.015214332406319198,0.03013361262913472,0.0015506382439753885,0.003676
01-2012,0.07861080099342987,0.08240942062806877,0.11445459289850168,0.011882350774085282,0.044254846073818355,0.04710774494644432,0.054106
02-2012,0.043484505649814986,0.005454976194927408,0.05297329013495222,0.047964569334992824,0.03425182820230166,0.04517142946666364,0.041225
03-2012,-0.006104020926556486,-0.004021254513897232,0.008517342650399273,0.050969246265585966,0.021482821874603708,0.0070032898140564015,0.02402
04-2012,-0.07224543310846143,-0.02518474959184247,-0.042413808562605015,-0.03488419785066843,-0.03575748956948277,-0.011033193297451782,-0.006829
05-2012,-0.06316954458028867,-0.06606732042749619,-0.08353202658113168,-0.09635627292938065,-0.05434910055428799,-0.08398309472974252,-0.06559
06-2012,0.03483998941185962,0.0356020965824122,-0.005921655391825098,0.07257419750865557,0.003923541711862377,0.05313517301358517,0.038151
07-2012,0.03469991595458488,0.056671335172864934,0.05869863539354814,-0.03601071361724084,0.05742859360032182,0.021272571283088126,0.010307
08-2012,0.07361849574255142,0.015268355132075362,0.05912155352964499,0.00394234927389614,0.03024874993274196,0.043190629853595786,0.026317
09-2012,0.0020880185500402604,0.009324230338594308,0.031874312106999314,0.006124419149322824,0.026079966698231205,0.009094593944084739,0.026513
10-2012,0.009223428403358103,0.04134002301327233,0.005717551859859338,-0.019819900929545664,0.008132178649396193,0.004664998494004147,-0.014055
11-2012,0.06061654286210483,0.008141945773398662,0.04308140176305719,0.015452722964338417,0.049483748032489894,0.0321719570864174,0.006217
12-2012,0.03265804013202889,0.036629648294133954,0.0358303623190761,0.027683224748526136,-0.0005939091724748158,-0.0007257867553401853,0.012569
01-2013,0.03359728571693488,0.03215304259404306,0.03115295123707984,0.048983419759015545,0.07327645203809374,0.029148113892845995,0.054142
02-2013,-0.022786304028380222,0.055938131560259174,-0.02642655862825849,0.02029989233924767,0.004812541568174344,0.0007079801902389882,0.008282
03-2013,0.014356293327203673,-0.016695926394368454,0.010090912254179463,0.04297179476148094,0.036585942607273436,0.02784637461987427,0.035295
04-2013,0.029508258199715698,-0.006466900660055508,0.008537604070204097,0.08826427121702429,0.0009062498272784936,0.007102951034404281,0.014939
05-2013,0.05726461613748701,-0.09282403037372522,0.06686266505589811,0.011473643326136429,0.028927806414365875,0.03867928550649369,0.019128
06-2013,-0.05300980188856197,-0.054385286049683845,-0.04580095015317687,-0.026817664364792826,-0.04552505014966868,-0.06585234082404334,-0.015072
07-2013,0.08826592264530309,0.041841697005256195,0.056163681937494214,0.019032382752383947,0.04956381639965324,0.08893284921954625,0.052658
08-2013,-0.007862142765042934,0.05627755461794259,-0.007263809997847925,-0.03675643139591289,-0.006251978213182796,0.0022941436930206116,-0.02575
09-2013,0.0803948123063547,0.04687586711152658,0.07339901669245785,0.10528417488161823,0.05665140004125413,0.025061764363124794,0.037497
10-2013,0.0236336307243723,0.01918100867640482,0.03946185292986382,-0.024392029202180754,0.015326201909376502,0.02699216223138623,0.039889
11-2013,0.019714020543109445,-0.051640627392290694,0.05253466931788231,0.017418069381683443,0.026762670250582987,0.009932959143995834,0.024956
12-2013,-0.0027072175081040983,-0.005885830752858201,0.005083623050898822,0.0327796640031488,-0.013162888360238822,0.02319582935936615,0.02614
01-2014,-0.01563650201757849,-0.014990923757701058,-0.01736879251709622,-0.04179458921238555,0.012965060482445168,-0.02514560047747494,-0.03002
02-2014,0.07368078020400426,0.06220887909067763,0.0506829494475769,-0.008464799599926187,0.05012300065856645,0.052600872080295735,0.046198
03-2014,0.003602513551534514,0.029064069368490486,-0.013341752868343382,0.0002774043715605412,0.003089679133591039,-0.02201180276237036,0.00454
04-2014,0.01589024868111588,0.012850818996710256,-0.0029427595182119903,-0.025309358612546018,0.01272952452554077,0.01920340851138591,0.001573
05-2014,0.01249149056971599,0.012970542101179428,0.023728809406813545,0.031136651020114092,0.01674783925086576,0.021230001681000532,0.020254
06-2014,-0.022018107075156945,-0.01252540113127032,-0.012195610730004525,0.05475073141069453,-0.016565713386606618,-0.010246008840524734,0.027973
07-2014,-0.04870414124239242,0.035596962721945014,-0.05613618614492355,0.010052669942278492,-0.036857724678771464,-0.031065315112109415,-0.020555
08-2014,-0.012327613278946492,-0.021282128273284795,-0.026913018957876345,-0.049392508210548414,0.00041135615680687465,-0.005871848121759782,0.040205
09-2014,-0.016365473513247464,-0.0798873748816451,-0.019498197460174227,0.03638115021904165,-0.008953765766386623,-0.03844680867773553,-0.025196
10-2014,-0.044886150002609426,0.024296066581502185,-0.03416288016216473,-0.0665738554565597,-0.013360313248093836,-0.02533076961024283,0.021164
11-2014,0.03191028969146803,-0.07606848027791913,0.050214481948658074,0.02822284063103031,0.024691430380752832,0.02008873469457728,0.021104
12-2014,-0.06616142028197158,-0.00592946004827799,-0.06837665279198812,0.010194878996467205,0.023520308737570605,-0.04759727953897808,-0.003659
01-2015,0.0505718538808988,-0.0022389518443870493,0.05935441054677537,0.0037000747697235603,-0.05628722595486946,0.0381347720030043,-0.027163
02-2015,0.020172111365707623,0.05672449311920169,0.01419052253744324,0.058394941746865214,0.03626174981077557,0.00610834769380264,0.055915
03-2015,0.014415108963974133,0.00316969171548398,0.04309443965194193,0.029874346971299648,0.04045515507712416,-0.018471201351007216,-0.010397
04-2015,0.042867536230934755,0.004443610799732989,-0.0022579871346996017,0.01797804128734115,0.038010176108056015,0.0621491903240885,0.008766
05-2015,0.013841895369453905,-0.017473366035944404,0.007045114931769181,0.02361456644107851,0.016425588778779643,0.014247773246319095,0.010277
06-2015,-0.06095242134872336,-0.09010593690352409,-0.05554709797541979,-0.018025051574409257,-0.06900110181844099,-0.05247523904440943,-0.019231
07-2015,0.07136293639887192,0.02607133224239,0.04688622284277533,0.023492172238720466,0.052389778642130125,0.02332426843900759,0.012108
08-2015,-0.0701181064101839,-0.10325471713571743,-0.06833965826902721,-0.051508465438287354,-0.060192954250727904,-0.06994266928032289,-0.059926
09-2015,-0.037435842170642,-0.007467905940827024,-0.04659612581412176,-0.07072154049467094,-0.0277908693374449,-0.018345598355804515,-0.033756
10-2015,0.037334079986659274,0.036038026364771714,0.057657514485337735,0.07656339789899769,0.007375502219923558,0.030749947574304715,0.073937
11-2015,0.025010571542467774,0.00853226309208921,0.05311631540831763,0.026332878208959132,0.020454390558488855,-0.007949435342650024,0.002404
12-2015,-0.04409133060604742,-0.004887037088105117,-0.044582273061985145,0.010480078767309164,-0.029752346140135666,-0.05144024657632096,-0.022209
01-2016,-0.01863864934531112,-0.036168947034475596,-0.05653151602012518,-0.03720340767695629,-0.02942401200595235,-0.03742280465994918,-0.057085
02-2016,-0.011918331045764785,0.03103884357315012,-0.020645788615420546,-0.07327969842438531,-0.024732083237460123,-0.002550298833801201,0.00062
03-2016,0.03092464645612103,0.06964638734983475,0.06378152641527346,0.08055736738303088,0.019716932079716587,0.017790703132262164,0.070491
04-2016,0.011659699665339085,-0.015965499782063075,0.0003506001996427255,0.0001292979017988305,0.010891578517101541,0.021290127182589158,0.011718
05-2016,0.021614929301615682,0.04130507565003172,0.015983852581840763,0.06368484466771052,0.03839946240207692,-0.013753102531713468,0.01434
06-2016,-0.0665387514740503,-0.004732282014419109,-0.06794605995648018,-0.07976828650126133,-0.031130132053504456,-0.06593437510916889,0.002947
07-2016,0.06025869062734324,0.07660682990811907,0.07749539785252013,0.08901904399298766,0.03617738680763316,0.037248060673005456,0.038815
08-2016,0.004467910089541727,-0.018507099504654678,0.01865525417056202,-0.00574430866450637,0.012060236928880252,0.023979198431613558,0.0028
09-2016,-0.014980918418060596,0.007208856966903987,-0.018375595902506703,-0.01479773103098092,-0.016833095784330454,-0.052654107987852194,0.003013
10-2016,-0.0056368264437925975,-0.03152059324069667,-0.015929785625460435,0.005372246783702295,-0.037584052080315344,0.007971054055255555,-0.021544
11-2016,-0.015371025833566976,-0.0013118443051308715,-0.030116170293915445,-0.01900972648369137,-0.010151404866610925,-0.019983669908730017,0.040488
12-2016,0.07070109817760883,0.05738156299819197,0.07830423229194161,0.046359711450739916,0.04943260654950632,0.04014217263314146,0.018763
01-2017,-0.010647660919797852,0.018888994004471638,0.012146535596212926,0.018405773543241244,0.01719694604778632,0.00857343389376286,0.022153
02-2017,0.02032219858835238,0.017305318986811535,0.028841601854342036,0.009442651185857631,0.02927955797276538,0.020873843075208898,0.032598
03-2017,0.058175798203967455,0.020126069308015637,0.036978124062151174,0.021489824281508474,0.028833083851852903,0.03700305613013488,0.002062
04-2017,0.07225817373364718,-0.006532327749746436,0.04649896515067642,-0.00773930416715185,0.05260371236428507,0.024386600554343385,0.009655
05-2017,0.05019667934332528,-0.011335872765159793,0.03853886312213528,0.036569355010375615,0.04401178542577555,0.035830869025152534,0.009335
06-2017,0.005751514834125171,0.0338707865224086,0.0029770204609782525,0.012738464679352024,0.012191451490403571,-0.014456853586322649,0.009571
07-2017,0.017071597906266556,0.01783027219162836,0.02084455852814826,0.027757488067574387,0.011015414467325568,0.006526785936695312,0.020277
08-2017,0.014186365200595574,0.013796176270418403,0.007896614307551175,-0.007969122039792054,-0.011246635273688854,0.04380423574271086,0.0016
09-2017,0.030388036759957382,-0.023131239078412413,0.04426713658560977,0.020966251789294343,0.009321018281351678,-0.01386990386138609,0.023729
10-2017,0.026645206832673907,0.01761577606976461,0.027413141175929523,0.05243373453069977,0.009062769908196655,0.01669627028937204,0.019275
11-2017,-0.007747709582570983,0.02336007329032852,-0.003484090240894022,0.016314808711765938,0.003707876540202326,-0.005039792769158891,0.027232
12-2017,0.02710115123539758,0.060050136003633625,0.030019807452862812,0.03321052517146983,0.0338472821269602,0.07664475928071357,0.012122
01-2018,0.04140102219047592,-0.014429047355418056,0.03293628395496562,0.03979684400750072,0.035872673997421334,-0.010040026103267707,0.050577
02-2018,-0.0302747771962687,-0.014827364241066232,-0.045454436515611985,-0.018234057569331608,-0.05722898479276206,-0.028539968003095106,-0.039455
03-2018,-0.018043869004292556,-0.04519440243742889,-0.02769144265156509,-0.03212932468941476,-0.03357699399600367,-0.011682702820570046,-0.018421
04-2018,0.025474639666975385,0.012727131396357061,-0.0012993117882612593,0.014469680121890649,0.00496803862813322,0.013683659384701619,0.004679
05-2018,-0.00815869240243472,0.010517393945613573,-0.00943513714022437,-0.019416374751813015,-0.026100422854667737,0.010335505714681892,0.026146
06-2018,-0.022652948911084048,0.01595774633154856,-0.031985836588844796,-0.020007059248613346,0.017853501720994425,-0.011875351775715415,0.005359
07-2018,0.012428824835836405,0.0029556094383247355,0.025376090431279863,0.015503146820265101,0.052965362525628557,-0.008384897198353114,0.031573
08-2018,0.004623947706424936,0.0025143324135803446,-0.009722780398785935,-0.019062299041959774,0.004217213183334012,-0.014547962567264983,0.030233
09-2018,-0.005713698227025499,-0.025223472778680645,-0.034085913187867245,0.047765505721292456,-0.02259208528258183,0.0014363004752946384,0.000425
10-2018,-0.08086044001542658,-0.04564442461522433,-0.07186529572315381,-0.09674366647745192,-0.030084140264406756,-0.06191335386574004,-0.074045
11-2018,-0.017858193955044177,-0.032563269654418026,-0.02071617898343525,0.03690324970896541,0.0009330193980683354,-0.03476522631045886,0.018512
12-2018,-0.013673844067694674,-0.007970596361097537,-0.030526958815736305,-0.07414395269505691,-0.04500185810698265,-0.024119642812730158,-0.08989
01-2019,0.046790779683920425,0.03511194871922063,0.05403887416202613,0.033180019090846224,0.057386685988262354,0.05511099702310007,0.088294
02-2019,0.03184975609529839,0.046449345166392986,0.016929674439521314,0.020818556581367664,0.04162908086136752,0.038805122995095864,0.032724
03-2019,0.003988823090158133,0.004928845464629017,-0.0037639855703816005,-0.0035301656530969394,0.0060368403351471756,0.017735776168665618,0.012962
04-2019,0.04410533776321479,0.00013268414404921103,0.062005162810367276,0.03304916814211212,0.04084800761016427,0.010668693457787093,0.037893
05-2019,-0.037291010058598584,0.019094122412484982,-0.042686058075455,-0.04461782695203653,0.0017376928938148684,-0.043896302578178115,-0.061679
06-2019,0.047514347972916315,0.03903397834187139,0.03762897121649145,0.023120345666194586,0.031688960661190535,0.014305965950670796,0.067279
07-2019,-0.009074928593056919,0.0013637424505872353,-0.019998819781628208,0.031106606714303542,0.01785812796379216,-0.005698132756184582,0.011854
08-2019,-0.01542198902289571,-0.014904792535032518,-0.022992125982027156,-0.04364021452007816,-0.014860801606083385,-0.017722336348009016,-0.020339
09-2019,0.032796891052207844,0.01900329067389106,0.0357229530424108,0.051371320353279515,0.005613724748768423,0.05516196202696699,0.016033
10-2019,0.021172076929155237,-0.0008584401091726868,0.03989989336306765,0.041470375059273756,0.005801784379329211,0.0076706365368715,0.019257
11-2019,0.03667486149008492,0.03475995245248931,0.03847868889142125,0.01857532668091233,0.03481238272642617,0.040678833685659166,0.034999
12-2019,0.01257549108421574,-0.0249391035729134,0.0056691258156693625,0.011446686950123075,0.025123075634774006,0.03231043839997105,0.028489
01-2020,-0.03454761247520077,0.017984639355256737,-0.02938125042379358,-0.027403514226802095,-0.006658676658880647,-0.03807719832983636,-0.001728
02-2020,-0.06182860080104047,-0.14139693268162834,-0.06797903450127729,-0.08050662812098808,-0.05787870638108583,-0.13118103998658193,-0.077918
03-2020,-0.17356589781735532,-0.20410808217636156,-0.16061785247648652,-0.06017995926715258,-0.07800700657653126,-0.14624069850176313,-0.141733
04-2020,0.05502731440197417,0.13294616929054337,0.1048391185499511,0.049063840147301585,0.04646860883991444,0.03981567848338674,0.129674
05-2020,0.07532404373630919,0.11101820066034818,0.10220732082382988,0.06503175475771839,0.051322602049242994,0.049566552213669235,0.053739
06-2020,0.0631343122749326,0.04456740754880406,0.05925958557895128,0.00808396190276639,0.039861790659976304,0.02792129408034083,0.025299
07-2020,0.005770162994837458,0.03344658497760733,0.026656688725686495,-0.03166662107689211,0.029326102135407428,-0.0011872034306571466,0.055532
08-2020,0.030075789607562076,0.04148895349605164,0.045131913332022267,0.08289732549488771,0.01871701015583782,0.0071517740823112685,0.068442
09-2020,-0.020488642933463752,-0.04705071403010441,-0.010674487882072592,0.020120700115956902,0.006573879451913456,-0.011147611927918244,-0.035056
10-2020,-0.028229354892411185,0.042719233449429295,-0.07529590164183386,-0.019539062534694396,-0.05173973347330729,-0.01900464773328925,-0.020178
11-2020,0.21135616485922482,0.13971162081241717,0.16619740073910472,0.1114189538184378,0.11775448163947733,0.14310246149511685,0.123707
12-2020,0.01704422304862785,0.04388635054911516,0.04154618559645806,0.03051079307243887,0.024951699619991885,0.05342253605893177,0.045048
01-2021,-0.03369577385947098,0.010037098904108976,-0.006795301121991448,-0.012139406766728422,-0.0216505633448576,0.010122294775964269,-0.000631
02-2021,0.03490398031836062,0.008019606324409123,0.004995569952970902,-0.0021010569540677038,-0.03463994980993068,0.016477733628111224,0.029196
03-2021,0.06654042225409462,0.019843865207599398,0.078377752360691,0.05014736552065213,0.07773635811031099,0.04722927576034919,0.030573
04-2021,0.06577202171803176,0.045411443537685114,0.02981819096794669,-0.02778510049699867,0.03780155114886785,0.06095515601749679,0.04819
05-2021,0.026813209308639507,0.006753248756723229,0.016998492237825014,0.002265876631459829,0.02710055482534357,0.008893774611506755,0.007092
06-2021,-0.004740957690631986,-0.005652790786865758,-0.003270475849136756,0.013985680484222218,0.02664918339733746,-0.01609221835267649,0.023422
07-2021,0.010396277152416644,-0.0061421194440977045,0.002071088404450361,-0.019910742411458737,0.023404313106131447,0.007266879293285955,0.011828
08-2021,0.0037165705913220215,0.028244535113918445,0.022849233545510383,0.02852967130583317,0.01392188878984335,0.01722112213627347,0.027146
09-2021,-0.041058021847960036,0.00027170797077302744,-0.048446914420651965,0.014961918185717016,-0.05609440018930656,-0.0180802452529244,-0.042243
10-2021,0.04222554878970253,-0.010541614971672053,0.0028352174041630374,-0.020580652452205195,0.03717363033449139,-0.005746992340315171,0.064651
11-2021,-0.012739540265861327,-0.02572580059567231,-0.03948959642511829,-0.03533038882659845,-0.009617033437985811,-0.029474943292282396,-0.018351
12-2021,0.04661590733144072,0.03129438260075612,0.039930993346875,0.02145295789403967,0.06213727134982805,0.061179035431406126,0.033341
01-2022,-0.03494958773014323,-0.06528246664825177,-0.03217903322127791,-0.05441435480084189,-0.06318910474659711,-0.006835255726949319,-0.059823
02-2022,-0.07607183145907559,0.045152242679931565,-0.08574945144995194,-0.03299091895124673,-0.02519534995809125,-0.03620801204912649,-0.021838
03-2022,-0.01479442084261684,0.06932804648391522,-0.031115789973445884,-0.021397408581457666,0.002441184664867979,-0.003239185390253696,0.030506
04-2022,-0.03930454302497832,-0.04673104173406184,-0.04072721773575183,-0.04117384079231812,-0.03208809541515756,-0.03805017696050972,-0.089387
05-2022,-0.004684675642832148,-0.03757225882433113,0.01801978958260464,-0.03467470123226457,-0.026024670399646066,-0.006342737574910995,-0.002113
06-2022,-0.10426765092979118,-0.1157651908429077,-0.15261414479320945,-0.036504602321696056,-0.07790193957603919,-0.07968935358953422,-0.083998
07-2022,0.10028747022394557,0.08155124385101886,0.05007777200657437,0.049663830546859744,0.06320226368878079,0.040299781142694835,0.090351
08-2022,-0.0691477902772345,-0.027803319877691357,-0.07718493215699396,-0.04442523078465599,-0.04706134714794363,-0.07646680341290812,-0.036233
09-2022,-0.06625656897860333,-0.10444359997795116,-0.0874529643708698,-0.07716854518765492,-0.09148453276425239,-0.060675236032753044,-0.091323
10-2022,0.10586564116587494,0.09070444605766625,0.11453136841675815,0.08363425287376747,0.0750189996236208,0.06628357291526288,0.077394
11-2022,0.12582707778589408,0.089452978343602,0.12911366297275673,0.08224485331534592,0.08273199877964754,0.11058394620811218,0.052354
12-2022,-0.020907552048694544,-0.0036609307656049195,-0.018354375283282764,-0.0131662619050118,-0.022990902259540147,-0.010275147697006659,-0.05712
01-2023,0.09123597663216176,0.053000374450953514,0.08793729846924303,0.020238556154146048,0.056906359063433554,0.029947599114764856,0.071823
02-2023,0.01660400451075006,-0.05535930010362389,0.01555361261774646,0.004932889622070169,-0.014591054421024263,0.024574581273627105,-0.024666
03-2023,0.03748562694881996,-0.002129147323118419,0.03773387476857004,0.017938185641910742,0.056525348502779016,-0.004960979628074846,0.02395
04-2023,0.023784904130584206,0.010211059178321547,0.006498589430443236,0.0006360825411595439,0.03213581800239318,0.034153469167485184,0.008976
05-2023,-0.04233652618583328,-0.01864132796373119,-0.024170324341132865,0.0003712389732939414,-0.02583601434793903,-0.036076368582273366,0.000708
06-2023,0.06087479386944494,0.02331148907262004,0.049342163943556505,0.07859746838940107,0.03868597302566368,0.026024662569484436,0.066183
07-2023,-0.006560314423519564,-0.01034011230872256,0.007422415048389697,-0.012256473235378706,-0.0036730817081229716,0.010836285758611952,0.035618
08-2023,-0.052267334884337324,-0.016160394099224984,-0.05506477137818544,-0.01621425575678015,-0.04732809912154823,-0.04675465491036268,-0.020608
09-2023,-0.049503829155307044,-0.03752370449437248,-0.045208410046309044,-0.006941577739770999,-0.018726451672743116,0.0051298117209201965,-0.047391
10-2023,-0.013336006813265744,-0.013753415845251027,-0.022338081350770977,-0.029955093706962588,-0.03779944350057285,-0.021225875877713518,-0.028865
11-2023,0.06694700876088122,0.07832129677027244,0.08847172355455446,0.0959635827796328,0.07455211622724067,0.04678674161684593,0.092053
12-2023,0.03541567632828668,0.06283725225786996,0.026244800746941577,-0.018806497530934108,0.028056454922391616,0.04766919042822515,0.053604
01-2024,0.008360621755067799,-0.005287879319417987,-0.006068814564437308,0.04949979825905504,-0.008703135167427711,-0.017417384083719956,0.007561
02-2024,0.043050232966706625,0.01732112411576847,0.038939173743195,0.04723771364055973,0.0029940073002159284,0.011983451843962767,0.050584
03-2024,0.010239567845736097,0.020983843602059515,0.024896598349139154,0.015235126670270605,0.008587727321410554,0.03072677267241475,0.03245
04-2024,-0.010831554310558156,-0.01086575573953863,-0.013699455264412519,-0.02693176306091072,-0.01806876133766122,0.03635200134518102,-0.042724
05-2024,0.010858391028500725,0.011555721231518712,0.02539383446796961,-0.007361008686385784,0.07143036583135998,0.033013902260647265,0.046553
06-2024,-0.05447595357406254,0.013754152633879357,-0.0031145984310937402,0.01729746903420981,-0.004056669692602877,-0.004693569657501007,0.026073
07-2024,0.018646652372046768,0.035729870032988664,0.019747978237027564,0.07247392463405888,0.050481435779450745,0.039455625438879594,0.019878
08-2024,0.02552861974213272,0.021982663247759104,0.025335742868137334,-0.0018145425632720702,0.017400147772158592,0.029770020045917667,0.021572
09-2024,-0.010246788510711924,0.022940913397348606,0.0070131852109820425,-0.059865063858924206,-0.027682076853831505,-0.030240211710555465,0.020969
10-2024,-0.07521358108080434,-0.037249865552323125,-0.04520213436486997,-0.008309912534644193,-0.05285666950416468,-0.04008818924668944,-0.008298
11-2024,-0.034775793147277634,0.004584079910029182,0.005514086064312362,-0.00796040905044526,-0.011969451274343124,0.018780928940506092,0.064855
